{
  "camera": [
    {
      "name": "core:first-person",
      "saved": {
        "pos": [
          -475.786315917969,
          67.6296768188477,
          -505.302734375
        ],
        "rot": [
          0.630264282226562,
          0,
          -0.776380658149719,
          0,
          0.0180598329752684,
          0.99972939491272,
          0.0146609367802739,
          0,
          0.776170551776886,
          -0.0232615694403648,
          0.63009375333786,
          0,
          0,
          0,
          0,
          1
        ],
        "perspective": true,
        "flipped": false,
        "zoom": 1,
        "fov": 1.97222208976746
      }
    },
    {
      "name": "core:third-person-front",
      "saved": {
        "pos": [
          0,
          0,
          0
        ],
        "rot": [
          1,
          0,
          0,
          0,
          0,
          1,
          0,
          0,
          0,
          0,
          1,
          0,
          0,
          0,
          0,
          1
        ],
        "perspective": true,
        "flipped": false,
        "zoom": 1,
        "fov": 1.57079637050629
      }
    },
    {
      "name": "core:third-person-back",
      "saved": {
        "pos": [
          0,
          0,
          0
        ],
        "rot": [
          1,
          0,
          0,
          0,
          0,
          1,
          0,
          0,
          0,
          0,
          1,
          0,
          0,
          0,
          0,
          1
        ],
        "perspective": true,
        "flipped": false,
        "zoom": 1,
        "fov": 1.57079637050629
      }
    },
    {
      "name": "core:cinematic",
      "saved": {
        "pos": [
          0,
          0,
          0
        ],
        "rot": [
          1,
          0,
          0,
          0,
          0,
          1,
          0,
          0,
          0,
          0,
          1,
          0,
          0,
          0,
          0,
          1
        ],
        "perspective": true,
        "flipped": false,
        "zoom": 1,
        "fov": 1
      }
    }
  ]
}